{
  "sample_sizes": [
    100,
    500,
    1000,
    5000,
    10000,
    50000
  ],
  "noise_pred": {
    "mean": [
      0.07725788094889262,
      0.04232360042222944,
      0.03490893392654663,
      0.025947874132936765,
      0.02457069943144226,
      0.021481888172244223
    ],
    "std": [
      0.0009393531784113596,
      0.0002702802447931349,
      0.0010688666834518159,
      0.0006168155934975451,
      0.0010859431861833862,
      0.00015457168585470676
    ],
    "all_runs": [
      [
        0.07601577486795714,
        0.07747094385042975,
        0.07828692412829097
      ],
      [
        0.04243985200418702,
        0.041950131495353545,
        0.042580817767147776
      ],
      [
        0.03401889984460571,
        0.034295842523061774,
        0.03641205941197238
      ],
      [
        0.025081417122502114,
        0.026468460530608515,
        0.026293744745699666
      ],
      [
        0.023224505183251597,
        0.02588389786785539,
        0.024603695243219786
      ],
      [
        0.021500882940201818,
        0.02128379596279392,
        0.021660985613736927
      ]
    ]
  },
  "direct_pred": {
    "mean": [
      0.17806846683035418,
      0.16156552206992095,
      0.155569179997414,
      0.15008746669136522,
      0.14721485444262059,
      0.1433681058481273
    ],
    "std": [
      0.0007855225808150694,
      0.0018416886869507384,
      0.0011516996636099601,
      0.0009532554657158014,
      0.0014043392182499469,
      0.00063301503001612
    ],
    "all_runs": [
      [
        0.17706397345548944,
        0.17898158257520652,
        0.17815984446036665
      ],
      [
        0.15898071701013589,
        0.16313507605957078,
        0.16258077314005623
      ],
      [
        0.15719169019898283,
        0.15463458124218107,
        0.15488126855107803
      ],
      [
        0.1505298719187326,
        0.15096910231852834,
        0.14876342583683472
      ],
      [
        0.14891443656215184,
        0.14547522158562382,
        0.14725490518008608
      ],
      [
        0.14308193401445315,
        0.144245794585234,
        0.14277658894469467
      ]
    ]
  }
}